,Bike_A,Bike_B,Bike_C
Bike_A,0.0,3.007177700453216,6.047459620974888
Bike_B,3.007177700453216,0.0,5.948538846689595
Bike_C,6.047459620974888,5.948538846689595,0.0
