product,neighbor_rank,neighbor,distance
Bike_A,1,Bike_B,3.007177700453216
Bike_A,2,Bike_C,6.047459620974888
Bike_B,1,Bike_A,3.007177700453216
Bike_B,2,Bike_C,5.948538846689595
Bike_C,1,Bike_B,5.948538846689595
Bike_C,2,Bike_A,6.047459620974888
